<?xml version="1.0" encoding="UTF-8" standalone="no"?><configurationDescriptor version="65">
  <logicalFolder displayName="root" name="root" projectFiles="true">
    <logicalFolder displayName="Header Files" name="HeaderFiles" projectFiles="true">
    </logicalFolder>
    <logicalFolder displayName="Library Files" name="LibraryFiles" projectFiles="true">
    </logicalFolder>
    <logicalFolder displayName="Linker Files" name="LinkerScript" projectFiles="true">
    </logicalFolder>
    <logicalFolder displayName="Object Files" name="ObjectFiles" projectFiles="true">
    </logicalFolder>
    <logicalFolder displayName="Source Files" name="SourceFiles" projectFiles="true">
    </logicalFolder>
    <logicalFolder displayName="Important Files" name="ExternalFiles" projectFiles="false">
      <itemPath>Makefile</itemPath>
    </logicalFolder>
    <itemPath>MenuLCD.c</itemPath>
  </logicalFolder>
  <projectmakefile>Makefile</projectmakefile>
  <confs>
    <conf name="default" type="2">
      <toolsSet>
        <developmentServer>localhost</developmentServer>
        <targetDevice>PIC16F876</targetDevice>
        <targetHeader/>
        <targetPluginBoard/>
        <platformTool/>
        <languageToolchain>CCSC</languageToolchain>
        <languageToolchainVersion>5.080</languageToolchainVersion>
        <platform>3</platform>
      </toolsSet>
      <packs>
        <pack name="PIC16Fxxx_DFP" vendor="Microchip" version="1.0.7"/>
      </packs>
      <compileType>
        <linkerTool>
          <linkerLibItems>
          </linkerLibItems>
        </linkerTool>
        <archiverTool>
        </archiverTool>
        <loading>
          <useAlternateLoadableFile>false</useAlternateLoadableFile>
          <parseOnProdLoad>false</parseOnProdLoad>
          <alternateLoadableFile/>
        </loading>
        <subordinates>
        </subordinates>
      </compileType>
      <makeCustomizationType>
        <makeCustomizationPreStepEnabled>false</makeCustomizationPreStepEnabled>
        <makeCustomizationPreStep/>
        <makeCustomizationPostStepEnabled>false</makeCustomizationPostStepEnabled>
        <makeCustomizationPostStep/>
        <makeCustomizationPutChecksumInUserID>false</makeCustomizationPutChecksumInUserID>
        <makeCustomizationEnableLongLines>false</makeCustomizationEnableLongLines>
        <makeCustomizationNormalizeHexFile>false</makeCustomizationNormalizeHexFile>
      </makeCustomizationType>
      <ccscompiler>
        <property key="close-after-compile" value="true"/>
        <property key="compile-for-icd" value="false"/>
        <property key="create-call-tree" value="true"/>
        <property key="create-project-file" value="true"/>
        <property key="create-stats-tree" value="true"/>
        <property key="create-symbol-file" value="true"/>
        <property key="debug-file" value="false"/>
        <property key="errors-and-warnings" value="+EA"/>
        <property key="extra-include-directories" value=""/>
        <property key="keep-after-compile" value="false"/>
        <property key="keep-for-xx-seconds" value=""/>
        <property key="keep-if-errors" value="false"/>
        <property key="keep-if-no-errors" value="false"/>
        <property key="keep-scratch-files-on-disk" value="true"/>
        <property key="list-file" value="+LN"/>
        <property key="list-file-extension" value=""/>
        <property key="old-error-file-format" value="false"/>
        <property key="opt-level" value="9"/>
        <property key="output-flags" value=""/>
        <property key="preprocessor-macros" value=""/>
      </ccscompiler>
    </conf>
  </confs>
</configurationDescriptor>